1;L_001;Telewizor kolorowy 1;Telewizory;S_A#R_3#P_5
2;L_002;Telewizor kolorowy 2;Telewizory;S_A#R_3#P_6
3;L_003;Telewizor kolorowy 3;Telewizory;S_A#R_3#P_7
4;L_004;Telewizor kolorowy 4;Telewizory;S_A#R_3#P_8
5;L_005;Telewizor kolorowy 5;Telewizory;S_A#R_3#P_9
6;L_006;Telewizor kolorowy 6;Telewizory;S_A#R_3#P_10
7;L_007;Telewizor kolorowy 7;Telewizory;S_A#R_3#P_11
8;L_008;Telewizor kolorowy 8;Telewizory;S_A#R_3#P_12
9;L_009;Telewizor kolorowy 9;Telewizory;S_A#R_3#P_13
10;L_010;Telewizor kolorowy 10;Telewizory;S_A#R_3#P_14
11;L_011;Telewizor kolorowy 11;Telewizory;S_A#R_3#P_15
12;L_012;Telewizor kolorowy 12;Telewizory;S_A#R_3#P_16
13;L_013;Telewizor kolorowy 13;Telewizory;S_A#R_3#P_17
14;L_014;Telewizor kolorowy 14;Telewizory;S_A#R_3#P_18
15;L_015;Telewizor kolorowy 15;Telewizory;S_A#R_3#P_19
16;L_016;Telewizor kolorowy 16;Telewizory;S_A#R_3#P_20
17;L_017;Telewizor kolorowy 17;Telewizory;S_A#R_3#P_21
18;L_018;Telewizor kolorowy 18;Telewizory;S_A#R_3#P_22
19;L_019;Telewizor kolorowy 19;Telewizory;S_A#R_3#P_23
20;L_020;Telewizor kolorowy 20;Telewizory;S_A#R_3#P_24
21;L_021;Telewizor kolorowy 21;Telewizory;S_A#R_3#P_25
22;L_022;Telewizor kolorowy 22;Telewizory;S_A#R_3#P_26
23;L_023;Telewizor kolorowy 23;Telewizory;S_A#R_3#P_27
24;L_024;Telewizor kolorowy 24;Telewizory;S_A#R_3#P_28
25;L_025;Telewizor kolorowy 25;Telewizory;S_A#R_3#P_29
26;L_026;Telewizor kolorowy 26;Telewizory;S_A#R_3#P_30
27;L_027;Telewizor kolorowy 27;Telewizory;S_A#R_3#P_31
28;L_028;Telewizor kolorowy 28;Telewizory;S_A#R_3#P_32
29;L_029;Telewizor kolorowy 29;Telewizory;S_A#R_3#P_33
30;L_030;Telewizor kolorowy 30;Telewizory;S_A#R_3#P_34
31;L_031;Telewizor kolorowy 31;Telewizory;S_A#R_3#P_35
32;L_032;Telewizor kolorowy 32;Telewizory;S_A#R_3#P_36
33;L_033;Telewizor kolorowy 33;Telewizory;S_A#R_3#P_37
34;L_034;Telewizor kolorowy 34;Telewizory;S_A#R_3#P_38
35;L_035;Telewizor kolorowy 35;Telewizory;S_A#R_3#P_39
36;L_036;Telewizor kolorowy 36;Telewizory;S_A#R_3#P_40
37;L_037;Telewizor kolorowy 37;Telewizory;S_A#R_3#P_41
38;L_038;Telewizor kolorowy 38;Telewizory;S_A#R_3#P_42
39;L_039;Telewizor kolorowy 39;Telewizory;S_A#R_3#P_43
40;L_040;Telewizor kolorowy 40;Telewizory;S_A#R_3#P_44
41;L_041;Telewizor kolorowy 41;Telewizory;S_A#R_3#P_45
42;L_042;Telewizor kolorowy 42;Telewizory;S_A#R_3#P_46
43;L_043;Telewizor kolorowy 43;Telewizory;S_A#R_3#P_47
44;L_044;Telewizor kolorowy 44;Telewizory;S_A#R_3#P_48
45;L_045;Telewizor kolorowy 45;Telewizory;S_A#R_3#P_49
46;L_046;Telewizor kolorowy 46;Telewizory;S_A#R_3#P_50
47;L_047;Telewizor kolorowy 47;Telewizory;S_A#R_3#P_51
48;L_048;Telewizor kolorowy 48;Telewizory;S_A#R_3#P_52
49;L_049;Telewizor kolorowy 49;Telewizory;S_A#R_3#P_53
50;L_050;Telewizor kolorowy 50;Telewizory;S_A#R_3#P_54
51;L_051;Telewizor kolorowy 51;Telewizory;S_A#R_3#P_55
52;L_052;Telewizor kolorowy 52;Telewizory;S_A#R_3#P_56
53;L_053;Telewizor kolorowy 53;Telewizory;S_A#R_3#P_57
54;L_054;Telewizor kolorowy 54;Telewizory;S_A#R_3#P_58
55;L_055;Telewizor kolorowy 55;Telewizory;S_A#R_3#P_59
56;L_056;Telewizor kolorowy 56;Telewizory;S_A#R_3#P_60
57;L_057;Telewizor kolorowy 57;Telewizory;S_A#R_3#P_61
58;L_058;Telewizor kolorowy 58;Telewizory;S_A#R_3#P_62
59;L_059;Telewizor kolorowy 59;Telewizory;S_A#R_3#P_63
60;L_060;Telewizor kolorowy 60;Telewizory;S_A#R_3#P_64
61;L_061;Telewizor kolorowy 61;Telewizory;S_A#R_3#P_65
62;L_062;Telewizor kolorowy 62;Telewizory;S_A#R_3#P_66
63;L_063;Telewizor kolorowy 63;Telewizory;S_A#R_3#P_67
64;L_064;Telewizor kolorowy 64;Telewizory;S_A#R_3#P_68
65;L_065;Telewizor kolorowy 65;Telewizory;S_A#R_3#P_69
66;L_066;Telewizor kolorowy 66;Telewizory;S_A#R_3#P_70
67;L_067;Telewizor kolorowy 67;Telewizory;S_A#R_3#P_71
68;L_068;Telewizor kolorowy 68;Telewizory;S_A#R_3#P_72
69;L_069;Telewizor kolorowy 69;Telewizory;S_A#R_3#P_73
70;L_070;Telewizor kolorowy 70;Telewizory;S_A#R_3#P_74
71;L_071;Telewizor kolorowy 71;Telewizory;S_A#R_3#P_75
72;L_072;Telewizor kolorowy 72;Telewizory;S_A#R_3#P_76
73;L_073;Telewizor kolorowy 73;Telewizory;S_A#R_3#P_77
74;L_074;Telewizor kolorowy 74;Telewizory;S_A#R_3#P_78
75;L_075;Telewizor kolorowy 75;Telewizory;S_A#R_3#P_79
76;L_076;Telewizor kolorowy 76;Telewizory;S_A#R_3#P_80
77;L_077;Telewizor kolorowy 77;Telewizory;S_A#R_3#P_81
78;L_078;Telewizor kolorowy 78;Telewizory;S_A#R_3#P_82
79;L_079;Telewizor kolorowy 79;Telewizory;S_A#R_3#P_83
80;L_080;Telewizor kolorowy 80;Telewizory;S_A#R_3#P_84
81;L_081;Telewizor kolorowy 81;Telewizory;S_A#R_3#P_85
82;L_082;Telewizor kolorowy 82;Telewizory;S_A#R_3#P_86
83;L_083;Telewizor kolorowy 83;Telewizory;S_A#R_3#P_87
84;L_084;Telewizor kolorowy 84;Telewizory;S_A#R_3#P_88
85;L_085;Telewizor kolorowy 85;Telewizory;S_A#R_3#P_89
86;L_086;Telewizor kolorowy 86;Telewizory;S_A#R_3#P_90
87;L_087;Telewizor kolorowy 87;Telewizory;S_A#R_3#P_91
88;L_088;Telewizor kolorowy 88;Telewizory;S_A#R_3#P_92
89;L_089;Telewizor kolorowy 89;Telewizory;S_A#R_3#P_93
90;L_090;Telewizor kolorowy 90;Telewizory;S_A#R_3#P_94
91;L_091;Telewizor kolorowy 91;Telewizory;S_A#R_3#P_95
92;L_092;Telewizor kolorowy 92;Telewizory;S_A#R_3#P_96
93;L_093;Telewizor kolorowy 93;Telewizory;S_A#R_3#P_97
94;L_094;Telewizor kolorowy 94;Telewizory;S_A#R_3#P_98
95;L_095;Telewizor kolorowy 95;Telewizory;S_A#R_3#P_99
96;L_096;Telewizor kolorowy 96;Telewizory;S_A#R_3#P_100
97;L_097;Telewizor kolorowy 97;Telewizory;S_A#R_3#P_101
98;L_098;Telewizor kolorowy 98;Telewizory;S_A#R_3#P_102
99;L_099;Telewizor kolorowy 99;Telewizory;S_A#R_3#P_103
100;L_100;Telewizor kolorowy 100;Telewizory;S_A#R_3#P_104
101;L_101;Telewizor kolorowy 101;Telewizory;S_A#R_3#P_105
102;L_102;Telewizor kolorowy 102;Telewizory;S_A#R_3#P_106
103;L_103;Telewizor kolorowy 103;Telewizory;S_A#R_3#P_107
104;L_104;Telewizor kolorowy 104;Telewizory;S_A#R_3#P_108
105;L_105;Telewizor kolorowy 105;Telewizory;S_A#R_3#P_109
106;L_106;Telewizor kolorowy 106;Telewizory;S_A#R_3#P_110
107;L_107;Telewizor kolorowy 107;Telewizory;S_A#R_3#P_111
108;L_108;Telewizor kolorowy 108;Telewizory;S_A#R_3#P_112
109;L_109;Telewizor kolorowy 109;Telewizory;S_A#R_3#P_113
110;L_110;Telewizor kolorowy 110;Telewizory;S_A#R_3#P_114
111;L_111;Telewizor kolorowy 111;Telewizory;S_A#R_3#P_115
112;L_112;Telewizor kolorowy 112;Telewizory;S_A#R_3#P_116
113;L_113;Telewizor kolorowy 113;Telewizory;S_A#R_3#P_117
114;L_114;Telewizor kolorowy 114;Telewizory;S_A#R_3#P_118
115;L_115;Telewizor kolorowy 115;Telewizory;S_A#R_3#P_119
116;L_116;Telewizor kolorowy 116;Telewizory;S_A#R_3#P_120
117;L_117;Telewizor kolorowy 117;Telewizory;S_A#R_3#P_121
118;L_118;Telewizor kolorowy 118;Telewizory;S_A#R_3#P_122
119;L_119;Telewizor kolorowy 119;Telewizory;S_A#R_3#P_123
120;L_120;Telewizor kolorowy 120;Telewizory;S_A#R_3#P_124
121;L_121;Telewizor kolorowy 121;Telewizory;S_A#R_3#P_125
122;L_122;Telewizor kolorowy 122;Telewizory;S_A#R_3#P_126
123;L_123;Telewizor kolorowy 123;Telewizory;S_A#R_3#P_127
124;L_124;Telewizor kolorowy 124;Telewizory;S_A#R_3#P_128
125;L_125;Telewizor kolorowy 125;Telewizory;S_A#R_3#P_129
126;L_126;Telewizor kolorowy 126;Telewizory;S_A#R_3#P_130
127;L_127;Telewizor kolorowy 127;Telewizory;S_A#R_3#P_131
128;L_128;Telewizor kolorowy 128;Telewizory;S_A#R_3#P_132
129;L_129;Telewizor kolorowy 129;Telewizory;S_A#R_3#P_133
130;L_130;Telewizor kolorowy 130;Telewizory;S_A#R_3#P_134
131;L_131;Telewizor kolorowy 131;Telewizory;S_A#R_3#P_135
132;L_132;Telewizor kolorowy 132;Telewizory;S_A#R_3#P_136
133;L_133;Telewizor kolorowy 133;Telewizory;S_A#R_3#P_137
134;L_134;Telewizor kolorowy 134;Telewizory;S_A#R_3#P_138
135;L_135;Telewizor kolorowy 135;Telewizory;S_A#R_3#P_139
136;L_136;Telewizor kolorowy 136;Telewizory;S_A#R_3#P_140
137;L_137;Telewizor kolorowy 137;Telewizory;S_A#R_3#P_141
138;L_138;Telewizor kolorowy 138;Telewizory;S_A#R_3#P_142
139;L_139;Telewizor kolorowy 139;Telewizory;S_A#R_3#P_143
140;L_140;Telewizor kolorowy 140;Telewizory;S_A#R_3#P_144
141;L_141;Telewizor kolorowy 141;Telewizory;S_A#R_3#P_145
142;L_142;Telewizor kolorowy 142;Telewizory;S_A#R_3#P_146
143;L_143;Telewizor kolorowy 143;Telewizory;S_A#R_3#P_147
144;L_144;Telewizor kolorowy 144;Telewizory;S_A#R_3#P_148
145;L_145;Telewizor kolorowy 145;Telewizory;S_A#R_3#P_149
146;L_146;Telewizor kolorowy 146;Telewizory;S_A#R_3#P_150
147;L_147;Telewizor kolorowy 147;Telewizory;S_A#R_3#P_151
148;L_148;Telewizor kolorowy 148;Telewizory;S_A#R_3#P_152
149;L_149;Telewizor kolorowy 149;Telewizory;S_A#R_3#P_153
150;L_150;Telewizor kolorowy 150;Telewizory;S_A#R_3#P_154
151;L_151;Telewizor kolorowy 151;Telewizory;S_A#R_3#P_155
152;L_152;Telewizor kolorowy 152;Telewizory;S_A#R_3#P_156
153;L_153;Telewizor kolorowy 153;Telewizory;S_A#R_3#P_157
154;L_154;Telewizor kolorowy 154;Telewizory;S_A#R_3#P_158
155;L_155;Telewizor kolorowy 155;Telewizory;S_A#R_3#P_159
156;L_156;Telewizor kolorowy 156;Telewizory;S_A#R_3#P_160
157;L_157;Telewizor kolorowy 157;Telewizory;S_A#R_3#P_161
158;L_158;Telewizor kolorowy 158;Telewizory;S_A#R_3#P_162
159;L_159;Telewizor kolorowy 159;Telewizory;S_A#R_3#P_163
160;L_160;Telewizor kolorowy 160;Telewizory;S_A#R_3#P_164
161;L_161;Telewizor kolorowy 161;Telewizory;S_A#R_3#P_165
162;L_162;Telewizor kolorowy 162;Telewizory;S_A#R_3#P_166
163;L_163;Telewizor kolorowy 163;Telewizory;S_A#R_3#P_167
164;L_164;Telewizor kolorowy 164;Telewizory;S_A#R_3#P_168
165;L_165;Telewizor kolorowy 165;Telewizory;S_A#R_3#P_169
166;L_166;Telewizor kolorowy 166;Telewizory;S_A#R_3#P_170
167;L_167;Telewizor kolorowy 167;Telewizory;S_A#R_3#P_171
168;L_168;Telewizor kolorowy 168;Telewizory;S_A#R_3#P_172
169;L_169;Telewizor kolorowy 169;Telewizory;S_A#R_3#P_173
170;L_170;Telewizor kolorowy 170;Telewizory;S_A#R_3#P_174
171;L_171;Telewizor kolorowy 171;Telewizory;S_A#R_3#P_175
172;L_172;Telewizor kolorowy 172;Telewizory;S_A#R_3#P_176
173;L_173;Telewizor kolorowy 173;Telewizory;S_A#R_3#P_177
174;L_174;Telewizor kolorowy 174;Telewizory;S_A#R_3#P_178
175;L_175;Telewizor kolorowy 175;Telewizory;S_A#R_3#P_179
176;L_176;Telewizor kolorowy 176;Telewizory;S_A#R_3#P_180
177;L_177;Telewizor kolorowy 177;Telewizory;S_A#R_3#P_181
178;L_178;Telewizor kolorowy 178;Telewizory;S_A#R_3#P_182
179;L_179;Telewizor kolorowy 179;Telewizory;S_A#R_3#P_183
180;L_180;Telewizor kolorowy 180;Telewizory;S_A#R_3#P_184
181;L_181;Telewizor kolorowy 181;Telewizory;S_A#R_3#P_185
182;L_182;Telewizor kolorowy 182;Telewizory;S_A#R_3#P_186
183;L_183;Telewizor kolorowy 183;Telewizory;S_A#R_3#P_187
184;L_184;Telewizor kolorowy 184;Telewizory;S_A#R_3#P_188
185;L_185;Telewizor kolorowy 185;Telewizory;S_A#R_3#P_189
186;L_186;Telewizor kolorowy 186;Telewizory;S_A#R_3#P_190
187;L_187;Telewizor kolorowy 187;Telewizory;S_A#R_3#P_191
188;L_188;Telewizor kolorowy 188;Telewizory;S_A#R_3#P_192
189;L_189;Telewizor kolorowy 189;Telewizory;S_A#R_3#P_193
190;L_190;Telewizor kolorowy 190;Telewizory;S_A#R_3#P_194
191;L_191;Telewizor kolorowy 191;Telewizory;S_A#R_3#P_195
192;L_192;Telewizor kolorowy 192;Telewizory;S_A#R_3#P_196
193;L_193;Telewizor kolorowy 193;Telewizory;S_A#R_3#P_197
194;L_194;Telewizor kolorowy 194;Telewizory;S_A#R_3#P_198
195;L_195;Telewizor kolorowy 195;Telewizory;S_A#R_3#P_199
196;L_196;Telewizor kolorowy 196;Telewizory;S_A#R_3#P_200
197;L_197;Telewizor kolorowy 197;Telewizory;S_A#R_3#P_201
198;L_198;Telewizor kolorowy 198;Telewizory;S_A#R_3#P_202
199;L_199;Telewizor kolorowy 199;Telewizory;S_A#R_3#P_203
200;L_200;Telewizor kolorowy 200;Telewizory;S_A#R_3#P_204
201;L_201;Telewizor kolorowy 201;Telewizory;S_A#R_3#P_205
202;L_202;Telewizor kolorowy 202;Telewizory;S_A#R_3#P_206
203;L_203;Telewizor kolorowy 203;Telewizory;S_A#R_3#P_207
204;L_204;Telewizor kolorowy 204;Telewizory;S_A#R_3#P_208
205;L_205;Telewizor kolorowy 205;Telewizory;S_A#R_3#P_209
206;L_206;Telewizor kolorowy 206;Telewizory;S_A#R_3#P_210
207;L_207;Telewizor kolorowy 207;Telewizory;S_A#R_3#P_211
208;L_208;Telewizor kolorowy 208;Telewizory;S_A#R_3#P_212
209;L_209;Telewizor kolorowy 209;Telewizory;S_A#R_3#P_213
210;L_210;Telewizor kolorowy 210;Telewizory;S_A#R_3#P_214
211;L_211;Telewizor kolorowy 211;Telewizory;S_A#R_3#P_215
212;L_212;Telewizor kolorowy 212;Telewizory;S_A#R_3#P_216
213;L_213;Telewizor kolorowy 213;Telewizory;S_A#R_3#P_217
214;L_214;Telewizor kolorowy 214;Telewizory;S_A#R_3#P_218
215;L_215;Telewizor kolorowy 215;Telewizory;S_A#R_3#P_219
216;L_216;Telewizor kolorowy 216;Telewizory;S_A#R_3#P_220
217;L_217;Telewizor kolorowy 217;Telewizory;S_A#R_3#P_221
218;L_218;Telewizor kolorowy 218;Telewizory;S_A#R_3#P_222
219;L_219;Telewizor kolorowy 219;Telewizory;S_A#R_3#P_223
220;L_220;Telewizor kolorowy 220;Telewizory;S_A#R_3#P_224
221;L_221;Telewizor kolorowy 221;Telewizory;S_A#R_3#P_225
222;L_222;Telewizor kolorowy 222;Telewizory;S_A#R_3#P_226
223;L_223;Telewizor kolorowy 223;Telewizory;S_A#R_3#P_227
224;L_224;Telewizor kolorowy 224;Telewizory;S_A#R_3#P_228
225;L_225;Telewizor kolorowy 225;Telewizory;S_A#R_3#P_229
226;L_226;Telewizor kolorowy 226;Telewizory;S_A#R_3#P_230
227;L_227;Telewizor kolorowy 227;Telewizory;S_A#R_3#P_231
228;L_228;Telewizor kolorowy 228;Telewizory;S_A#R_3#P_232
229;L_229;Telewizor kolorowy 229;Telewizory;S_A#R_3#P_233
230;L_230;Telewizor kolorowy 230;Telewizory;S_A#R_3#P_234
231;L_231;Telewizor kolorowy 231;Telewizory;S_A#R_3#P_235
232;L_232;Telewizor kolorowy 232;Telewizory;S_A#R_3#P_236
233;L_233;Telewizor kolorowy 233;Telewizory;S_A#R_3#P_237
234;L_234;Telewizor kolorowy 234;Telewizory;S_A#R_3#P_238
235;L_235;Telewizor kolorowy 235;Telewizory;S_A#R_3#P_239
236;L_236;Telewizor kolorowy 236;Telewizory;S_A#R_3#P_240
237;L_237;Telewizor kolorowy 237;Telewizory;S_A#R_3#P_241
238;L_238;Telewizor kolorowy 238;Telewizory;S_A#R_3#P_242
239;L_239;Telewizor kolorowy 239;Telewizory;S_A#R_3#P_243
240;L_240;Telewizor kolorowy 240;Telewizory;S_A#R_3#P_244
241;L_241;Telewizor kolorowy 241;Telewizory;S_A#R_3#P_245
242;L_242;Telewizor kolorowy 242;Telewizory;S_A#R_3#P_246
243;L_243;Telewizor kolorowy 243;Telewizory;S_A#R_3#P_247
244;L_244;Telewizor kolorowy 244;Telewizory;S_A#R_3#P_248
245;L_245;Telewizor kolorowy 245;Telewizory;S_A#R_3#P_249
246;L_246;Telewizor kolorowy 246;Telewizory;S_A#R_3#P_250
247;L_247;Telewizor kolorowy 247;Telewizory;S_A#R_3#P_251
248;L_248;Telewizor kolorowy 248;Telewizory;S_A#R_3#P_252
249;L_249;Telewizor kolorowy 249;Telewizory;S_A#R_3#P_253
250;L_250;Telewizor kolorowy 250;Telewizory;S_A#R_3#P_254
251;L_251;Telewizor kolorowy 251;Telewizory;S_A#R_3#P_255
252;L_252;Telewizor kolorowy 252;Telewizory;S_A#R_3#P_256
253;L_253;Telewizor kolorowy 253;Telewizory;S_A#R_3#P_257
254;L_254;Telewizor kolorowy 254;Telewizory;S_A#R_3#P_258
255;L_255;Telewizor kolorowy 255;Telewizory;S_A#R_3#P_259
256;L_256;Telewizor kolorowy 256;Telewizory;S_A#R_3#P_260
257;L_257;Telewizor kolorowy 257;Telewizory;S_A#R_3#P_261
258;L_258;Telewizor kolorowy 258;Telewizory;S_A#R_3#P_262
259;L_259;Telewizor kolorowy 259;Telewizory;S_A#R_3#P_263
260;L_260;Telewizor kolorowy 260;Telewizory;S_A#R_3#P_264
261;L_261;Telewizor kolorowy 261;Telewizory;S_A#R_3#P_265
262;L_262;Telewizor kolorowy 262;Telewizory;S_A#R_3#P_266
263;L_263;Telewizor kolorowy 263;Telewizory;S_A#R_3#P_267
264;L_264;Telewizor kolorowy 264;Telewizory;S_A#R_3#P_268
265;L_265;Telewizor kolorowy 265;Telewizory;S_A#R_3#P_269
266;L_266;Telewizor kolorowy 266;Telewizory;S_A#R_3#P_270
267;L_267;Telewizor kolorowy 267;Telewizory;S_A#R_3#P_271
268;L_268;Telewizor kolorowy 268;Telewizory;S_A#R_3#P_272
269;L_269;Telewizor kolorowy 269;Telewizory;S_A#R_3#P_273
270;L_270;Telewizor kolorowy 270;Telewizory;S_A#R_3#P_274
271;L_271;Telewizor kolorowy 271;Telewizory;S_A#R_3#P_275
272;L_272;Telewizor kolorowy 272;Telewizory;S_A#R_3#P_276
273;L_273;Telewizor kolorowy 273;Telewizory;S_A#R_3#P_277
274;L_274;Telewizor kolorowy 274;Telewizory;S_A#R_3#P_278
275;L_275;Telewizor kolorowy 275;Telewizory;S_A#R_3#P_279
276;L_276;Telewizor kolorowy 276;Telewizory;S_A#R_3#P_280
277;L_277;Telewizor kolorowy 277;Telewizory;S_A#R_3#P_281
278;L_278;Telewizor kolorowy 278;Telewizory;S_A#R_3#P_282
279;L_279;Telewizor kolorowy 279;Telewizory;S_A#R_3#P_283
280;L_280;Telewizor kolorowy 280;Telewizory;S_A#R_3#P_284
281;L_281;Telewizor kolorowy 281;Telewizory;S_A#R_3#P_285
282;L_282;Telewizor kolorowy 282;Telewizory;S_A#R_3#P_286
283;L_283;Telewizor kolorowy 283;Telewizory;S_A#R_3#P_287
284;L_284;Telewizor kolorowy 284;Telewizory;S_A#R_3#P_288
285;L_285;Telewizor kolorowy 285;Telewizory;S_A#R_3#P_289
286;L_286;Telewizor kolorowy 286;Telewizory;S_A#R_3#P_290
287;L_287;Telewizor kolorowy 287;Telewizory;S_A#R_3#P_291
288;L_288;Telewizor kolorowy 288;Telewizory;S_A#R_3#P_292
289;L_289;Telewizor kolorowy 289;Telewizory;S_A#R_3#P_293
290;L_290;Telewizor kolorowy 290;Telewizory;S_A#R_3#P_294
291;L_291;Telewizor kolorowy 291;Telewizory;S_A#R_3#P_295
292;L_292;Telewizor kolorowy 292;Telewizory;S_A#R_3#P_296
293;L_293;Telewizor kolorowy 293;Telewizory;S_A#R_3#P_297
294;L_294;Telewizor kolorowy 294;Telewizory;S_A#R_3#P_298
295;L_295;Telewizor kolorowy 295;Telewizory;S_A#R_3#P_299
296;L_296;Telewizor kolorowy 296;Telewizory;S_A#R_3#P_300
297;L_297;Telewizor kolorowy 297;Telewizory;S_A#R_3#P_301
298;L_298;Telewizor kolorowy 298;Telewizory;S_A#R_3#P_302
299;L_299;Telewizor kolorowy 299;Telewizory;S_A#R_3#P_303
300;L_300;Telewizor kolorowy 300;Telewizory;S_A#R_3#P_304
301;L_301;Telewizor kolorowy 301;Telewizory;S_A#R_3#P_305
302;L_302;Telewizor kolorowy 302;Telewizory;S_A#R_3#P_306
303;L_303;Telewizor kolorowy 303;Telewizory;S_A#R_3#P_307
304;L_304;Telewizor kolorowy 304;Telewizory;S_A#R_3#P_308
305;L_305;Telewizor kolorowy 305;Telewizory;S_A#R_3#P_309
306;L_306;Telewizor kolorowy 306;Telewizory;S_A#R_3#P_310
307;L_307;Telewizor kolorowy 307;Telewizory;S_A#R_3#P_311
308;L_308;Telewizor kolorowy 308;Telewizory;S_A#R_3#P_312
309;L_309;Telewizor kolorowy 309;Telewizory;S_A#R_3#P_313
310;L_310;Telewizor kolorowy 310;Telewizory;S_A#R_3#P_314
311;L_311;Telewizor kolorowy 311;Telewizory;S_A#R_3#P_315
312;L_312;Telewizor kolorowy 312;Telewizory;S_A#R_3#P_316
313;L_313;Telewizor kolorowy 313;Telewizory;S_A#R_3#P_317
314;L_314;Telewizor kolorowy 314;Telewizory;S_A#R_3#P_318
315;L_315;Telewizor kolorowy 315;Telewizory;S_A#R_3#P_319
316;L_316;Telewizor kolorowy 316;Telewizory;S_A#R_3#P_320
317;L_317;Telewizor kolorowy 317;Telewizory;S_A#R_3#P_321
318;L_318;Telewizor kolorowy 318;Telewizory;S_A#R_3#P_322
319;L_319;Telewizor kolorowy 319;Telewizory;S_A#R_3#P_323
320;L_320;Telewizor kolorowy 320;Telewizory;S_A#R_3#P_324
321;L_321;Telewizor kolorowy 321;Telewizory;S_A#R_3#P_325
322;L_322;Telewizor kolorowy 322;Telewizory;S_A#R_3#P_326
323;L_323;Telewizor kolorowy 323;Telewizory;S_A#R_3#P_327
324;L_324;Telewizor kolorowy 324;Telewizory;S_A#R_3#P_328
325;L_325;Telewizor kolorowy 325;Telewizory;S_A#R_3#P_329
326;L_326;Telewizor kolorowy 326;Telewizory;S_A#R_3#P_330
327;L_327;Telewizor kolorowy 327;Telewizory;S_A#R_3#P_331
328;L_328;Telewizor kolorowy 328;Telewizory;S_A#R_3#P_332
329;L_329;Telewizor kolorowy 329;Telewizory;S_A#R_3#P_333
330;L_330;Telewizor kolorowy 330;Telewizory;S_A#R_3#P_334
331;L_331;Telewizor kolorowy 331;Telewizory;S_A#R_3#P_335
332;L_332;Telewizor kolorowy 332;Telewizory;S_A#R_3#P_336
333;L_333;Telewizor kolorowy 333;Telewizory;S_A#R_3#P_337
334;L_334;Telewizor kolorowy 334;Telewizory;S_A#R_3#P_338
335;L_335;Telewizor kolorowy 335;Telewizory;S_A#R_3#P_339
336;L_336;Telewizor kolorowy 336;Telewizory;S_A#R_3#P_340
337;L_337;Telewizor kolorowy 337;Telewizory;S_A#R_3#P_341
338;L_338;Telewizor kolorowy 338;Telewizory;S_A#R_3#P_342
339;L_339;Telewizor kolorowy 339;Telewizory;S_A#R_3#P_343
340;L_340;Telewizor kolorowy 340;Telewizory;S_A#R_3#P_344
341;L_341;Telewizor kolorowy 341;Telewizory;S_A#R_3#P_345
342;L_342;Telewizor kolorowy 342;Telewizory;S_A#R_3#P_346
343;L_343;Telewizor kolorowy 343;Telewizory;S_A#R_3#P_347
344;L_344;Telewizor kolorowy 344;Telewizory;S_A#R_3#P_348
345;L_345;Telewizor kolorowy 345;Telewizory;S_A#R_3#P_349
346;L_346;Telewizor kolorowy 346;Telewizory;S_A#R_3#P_350
347;L_347;Telewizor kolorowy 347;Telewizory;S_A#R_3#P_351
348;L_348;Telewizor kolorowy 348;Telewizory;S_A#R_3#P_352
349;L_349;Telewizor kolorowy 349;Telewizory;S_A#R_3#P_353
350;L_350;Telewizor kolorowy 350;Telewizory;S_A#R_3#P_354
351;L_351;Telewizor kolorowy 351;Telewizory;S_A#R_3#P_355
352;L_352;Telewizor kolorowy 352;Telewizory;S_A#R_3#P_356
353;L_353;Telewizor kolorowy 353;Telewizory;S_A#R_3#P_357
354;L_354;Telewizor kolorowy 354;Telewizory;S_A#R_3#P_358
355;L_355;Telewizor kolorowy 355;Telewizory;S_A#R_3#P_359
356;L_356;Telewizor kolorowy 356;Telewizory;S_A#R_3#P_360