L:DataGridViewRow { Index=0 }1;L_001;Telewizor kolorowy 1;Telewizory;S_A#R_3#P_5
L:DataGridViewRow { Index=1 }2;L_002;Telewizor kolorowy 2;Telewizory;S_A#R_3#P_6
L:DataGridViewRow { Index=2 }3;L_003;Telewizor kolorowy 3;Telewizory;S_A#R_3#P_7
L:DataGridViewRow { Index=3 }4;L_004;Telewizor kolorowy 4;Telewizory;S_A#R_3#P_8
L:DataGridViewRow { Index=4 }5;L_005;Telewizor kolorowy 5;Telewizory;S_A#R_3#P_9
L:DataGridViewRow { Index=5 }6;L_006;Telewizor kolorowy 6;Telewizory;S_A#R_3#P_10
L:DataGridViewRow { Index=6 }7;L_007;Telewizor kolorowy 7;Telewizory;S_A#R_3#P_11
L:DataGridViewRow { Index=7 }8;L_008;Telewizor kolorowy 8;Telewizory;S_A#R_3#P_12
L:DataGridViewRow { Index=8 }9;L_009;Telewizor kolorowy 9;Telewizory;S_A#R_3#P_13
L:DataGridViewRow { Index=9 }10;L_010;Telewizor kolorowy 10;Telewizory;S_A#R_3#P_14
L:DataGridViewRow { Index=10 }11;L_011;Telewizor kolorowy 11;Telewizory;S_A#R_3#P_15
L:DataGridViewRow { Index=11 }12;L_012;Telewizor kolorowy 12;Telewizory;S_A#R_3#P_16
L:DataGridViewRow { Index=12 }13;L_013;Telewizor kolorowy 13;Telewizory;S_A#R_3#P_17
L:DataGridViewRow { Index=13 }14;L_014;Telewizor kolorowy 14;Telewizory;S_A#R_3#P_18
L:DataGridViewRow { Index=14 }15;L_015;Telewizor kolorowy 15;Telewizory;S_A#R_3#P_19
L:DataGridViewRow { Index=15 }16;L_016;Telewizor kolorowy 16;Telewizory;S_A#R_3#P_20
L:DataGridViewRow { Index=16 }17;L_017;Telewizor kolorowy 17;Telewizory;S_A#R_3#P_21
L:DataGridViewRow { Index=17 }18;L_018;Telewizor kolorowy 18;Telewizory;S_A#R_3#P_22
L:DataGridViewRow { Index=18 }19;L_019;Telewizor kolorowy 19;Telewizory;S_A#R_3#P_23
L:DataGridViewRow { Index=19 }20;L_020;Telewizor kolorowy 20;Telewizory;S_A#R_3#P_24
L:DataGridViewRow { Index=20 }21;L_021;Telewizor kolorowy 21;Telewizory;S_A#R_3#P_25
L:DataGridViewRow { Index=21 }22;L_022;Telewizor kolorowy 22;Telewizory;S_A#R_3#P_26
L:DataGridViewRow { Index=22 }23;L_023;Telewizor kolorowy 23;Telewizory;S_A#R_3#P_27
L:DataGridViewRow { Index=23 }24;L_024;Telewizor kolorowy 24;Telewizory;S_A#R_3#P_28
L:DataGridViewRow { Index=24 }25;L_025;Telewizor kolorowy 25;Telewizory;S_A#R_3#P_29
L:DataGridViewRow { Index=25 }26;L_026;Telewizor kolorowy 26;Telewizory;S_A#R_3#P_30
L:DataGridViewRow { Index=26 }27;L_027;Telewizor kolorowy 27;Telewizory;S_A#R_3#P_31
L:DataGridViewRow { Index=27 }28;L_028;Telewizor kolorowy 28;Telewizory;S_A#R_3#P_32
L:DataGridViewRow { Index=28 }29;L_029;Telewizor kolorowy 29;Telewizory;S_A#R_3#P_33
L:DataGridViewRow { Index=29 }30;L_030;Telewizor kolorowy 30;Telewizory;S_A#R_3#P_34
L:DataGridViewRow { Index=30 }31;L_031;Telewizor kolorowy 31;Telewizory;S_A#R_3#P_35
L:DataGridViewRow { Index=31 }32;L_032;Telewizor kolorowy 32;Telewizory;S_A#R_3#P_36
L:DataGridViewRow { Index=32 }33;L_033;Telewizor kolorowy 33;Telewizory;S_A#R_3#P_37
L:DataGridViewRow { Index=33 }34;L_034;Telewizor kolorowy 34;Telewizory;S_A#R_3#P_38
L:DataGridViewRow { Index=34 }35;L_035;Telewizor kolorowy 35;Telewizory;S_A#R_3#P_39
L:DataGridViewRow { Index=35 }36;L_036;Telewizor kolorowy 36;Telewizory;S_A#R_3#P_40
L:DataGridViewRow { Index=36 }37;L_037;Telewizor kolorowy 37;Telewizory;S_A#R_3#P_41
L:DataGridViewRow { Index=37 }38;L_038;Telewizor kolorowy 38;Telewizory;S_A#R_3#P_42
L:DataGridViewRow { Index=38 }39;L_039;Telewizor kolorowy 39;Telewizory;S_A#R_3#P_43
L:DataGridViewRow { Index=39 }40;L_040;Telewizor kolorowy 40;Telewizory;S_A#R_3#P_44
L:DataGridViewRow { Index=40 }41;L_041;Telewizor kolorowy 41;Telewizory;S_A#R_3#P_45
L:DataGridViewRow { Index=41 }42;L_042;Telewizor kolorowy 42;Telewizory;S_A#R_3#P_46
L:DataGridViewRow { Index=42 }43;L_043;Telewizor kolorowy 43;Telewizory;S_A#R_3#P_47
L:DataGridViewRow { Index=43 }44;L_044;Telewizor kolorowy 44;Telewizory;S_A#R_3#P_48
L:DataGridViewRow { Index=44 }45;L_045;Telewizor kolorowy 45;Telewizory;S_A#R_3#P_49
L:DataGridViewRow { Index=45 }46;L_046;Telewizor kolorowy 46;Telewizory;S_A#R_3#P_50
L:DataGridViewRow { Index=46 }47;L_047;Telewizor kolorowy 47;Telewizory;S_A#R_3#P_51
L:DataGridViewRow { Index=47 }48;L_048;Telewizor kolorowy 48;Telewizory;S_A#R_3#P_52
L:DataGridViewRow { Index=48 }49;L_049;Telewizor kolorowy 49;Telewizory;S_A#R_3#P_53
L:DataGridViewRow { Index=49 }50;L_050;Telewizor kolorowy 50;Telewizory;S_A#R_3#P_54
L:DataGridViewRow { Index=50 }51;L_051;Telewizor kolorowy 51;Telewizory;S_A#R_3#P_55
L:DataGridViewRow { Index=51 }52;L_052;Telewizor kolorowy 52;Telewizory;S_A#R_3#P_56
L:DataGridViewRow { Index=52 }53;L_053;Telewizor kolorowy 53;Telewizory;S_A#R_3#P_57
L:DataGridViewRow { Index=53 }54;L_054;Telewizor kolorowy 54;Telewizory;S_A#R_3#P_58
L:DataGridViewRow { Index=54 }55;L_055;Telewizor kolorowy 55;Telewizory;S_A#R_3#P_59
L:DataGridViewRow { Index=55 }56;L_056;Telewizor kolorowy 56;Telewizory;S_A#R_3#P_60
L:DataGridViewRow { Index=56 }57;L_057;Telewizor kolorowy 57;Telewizory;S_A#R_3#P_61
L:DataGridViewRow { Index=57 }58;L_058;Telewizor kolorowy 58;Telewizory;S_A#R_3#P_62
L:DataGridViewRow { Index=58 }59;L_059;Telewizor kolorowy 59;Telewizory;S_A#R_3#P_63
L:DataGridViewRow { Index=59 }60;L_060;Telewizor kolorowy 60;Telewizory;S_A#R_3#P_64
L:DataGridViewRow { Index=60 }61;L_061;Telewizor kolorowy 61;Telewizory;S_A#R_3#P_65
L:DataGridViewRow { Index=61 }62;L_062;Telewizor kolorowy 62;Telewizory;S_A#R_3#P_66
L:DataGridViewRow { Index=62 }63;L_063;Telewizor kolorowy 63;Telewizory;S_A#R_3#P_67
L:DataGridViewRow { Index=63 }64;L_064;Telewizor kolorowy 64;Telewizory;S_A#R_3#P_68
L:DataGridViewRow { Index=64 }65;L_065;Telewizor kolorowy 65;Telewizory;S_A#R_3#P_69
L:DataGridViewRow { Index=65 }66;L_066;Telewizor kolorowy 66;Telewizory;S_A#R_3#P_70
L:DataGridViewRow { Index=66 }67;L_067;Telewizor kolorowy 67;Telewizory;S_A#R_3#P_71
L:DataGridViewRow { Index=67 }68;L_068;Telewizor kolorowy 68;Telewizory;S_A#R_3#P_72
L:DataGridViewRow { Index=68 }69;L_069;Telewizor kolorowy 69;Telewizory;S_A#R_3#P_73
L:DataGridViewRow { Index=69 }70;L_070;Telewizor kolorowy 70;Telewizory;S_A#R_3#P_74
L:DataGridViewRow { Index=70 }71;L_071;Telewizor kolorowy 71;Telewizory;S_A#R_3#P_75
L:DataGridViewRow { Index=71 }72;L_072;Telewizor kolorowy 72;Telewizory;S_A#R_3#P_76
L:DataGridViewRow { Index=72 }73;L_073;Telewizor kolorowy 73;Telewizory;S_A#R_3#P_77
L:DataGridViewRow { Index=73 }74;L_074;Telewizor kolorowy 74;Telewizory;S_A#R_3#P_78
L:DataGridViewRow { Index=74 }75;L_075;Telewizor kolorowy 75;Telewizory;S_A#R_3#P_79
L:DataGridViewRow { Index=75 }76;L_076;Telewizor kolorowy 76;Telewizory;S_A#R_3#P_80
L:DataGridViewRow { Index=76 }77;L_077;Telewizor kolorowy 77;Telewizory;S_A#R_3#P_81
L:DataGridViewRow { Index=77 }78;L_078;Telewizor kolorowy 78;Telewizory;S_A#R_3#P_82
L:DataGridViewRow { Index=78 }79;L_079;Telewizor kolorowy 79;Telewizory;S_A#R_3#P_83
L:DataGridViewRow { Index=79 }80;L_080;Telewizor kolorowy 80;Telewizory;S_A#R_3#P_84
L:DataGridViewRow { Index=80 }81;L_081;Telewizor kolorowy 81;Telewizory;S_A#R_3#P_85
L:DataGridViewRow { Index=81 }82;L_082;Telewizor kolorowy 82;Telewizory;S_A#R_3#P_86
L:DataGridViewRow { Index=82 }83;L_083;Telewizor kolorowy 83;Telewizory;S_A#R_3#P_87
L:DataGridViewRow { Index=83 }84;L_084;Telewizor kolorowy 84;Telewizory;S_A#R_3#P_88
L:DataGridViewRow { Index=84 }85;L_085;Telewizor kolorowy 85;Telewizory;S_A#R_3#P_89
L:DataGridViewRow { Index=85 }86;L_086;Telewizor kolorowy 86;Telewizory;S_A#R_3#P_90
L:DataGridViewRow { Index=86 }87;L_087;Telewizor kolorowy 87;Telewizory;S_A#R_3#P_91
L:DataGridViewRow { Index=87 }88;L_088;Telewizor kolorowy 88;Telewizory;S_A#R_3#P_92
L:DataGridViewRow { Index=88 }89;L_089;Telewizor kolorowy 89;Telewizory;S_A#R_3#P_93
L:DataGridViewRow { Index=89 }90;L_090;Telewizor kolorowy 90;Telewizory;S_A#R_3#P_94
L:DataGridViewRow { Index=90 }91;L_091;Telewizor kolorowy 91;Telewizory;S_A#R_3#P_95
L:DataGridViewRow { Index=91 }92;L_092;Telewizor kolorowy 92;Telewizory;S_A#R_3#P_96
L:DataGridViewRow { Index=92 }93;L_093;Telewizor kolorowy 93;Telewizory;S_A#R_3#P_97
L:DataGridViewRow { Index=93 }94;L_094;Telewizor kolorowy 94;Telewizory;S_A#R_3#P_98
L:DataGridViewRow { Index=94 }95;L_095;Telewizor kolorowy 95;Telewizory;S_A#R_3#P_99
L:DataGridViewRow { Index=95 }96;L_096;Telewizor kolorowy 96;Telewizory;S_A#R_3#P_100
L:DataGridViewRow { Index=96 }97;L_097;Telewizor kolorowy 97;Telewizory;S_A#R_3#P_101
L:DataGridViewRow { Index=97 }98;L_098;Telewizor kolorowy 98;Telewizory;S_A#R_3#P_102
L:DataGridViewRow { Index=98 }99;L_099;Telewizor kolorowy 99;Telewizory;S_A#R_3#P_103
L:DataGridViewRow { Index=99 }100;L_100;Telewizor kolorowy 100;Telewizory;S_A#R_3#P_104
L:DataGridViewRow { Index=100 }101;L_101;Telewizor kolorowy 101;Telewizory;S_A#R_3#P_105
L:DataGridViewRow { Index=101 }102;L_102;Telewizor kolorowy 102;Telewizory;S_A#R_3#P_106
L:DataGridViewRow { Index=102 }103;L_103;Telewizor kolorowy 103;Telewizory;S_A#R_3#P_107
L:DataGridViewRow { Index=103 }104;L_104;Telewizor kolorowy 104;Telewizory;S_A#R_3#P_108
L:DataGridViewRow { Index=104 }105;L_105;Telewizor kolorowy 105;Telewizory;S_A#R_3#P_109
L:DataGridViewRow { Index=105 }106;L_106;Telewizor kolorowy 106;Telewizory;S_A#R_3#P_110
L:DataGridViewRow { Index=106 }107;L_107;Telewizor kolorowy 107;Telewizory;S_A#R_3#P_111
L:DataGridViewRow { Index=107 }108;L_108;Telewizor kolorowy 108;Telewizory;S_A#R_3#P_112
L:DataGridViewRow { Index=108 }109;L_109;Telewizor kolorowy 109;Telewizory;S_A#R_3#P_113
L:DataGridViewRow { Index=109 }110;L_110;Telewizor kolorowy 110;Telewizory;S_A#R_3#P_114
L:DataGridViewRow { Index=110 }111;L_111;Telewizor kolorowy 111;Telewizory;S_A#R_3#P_115
L:DataGridViewRow { Index=111 }112;L_112;Telewizor kolorowy 112;Telewizory;S_A#R_3#P_116
L:DataGridViewRow { Index=112 }113;L_113;Telewizor kolorowy 113;Telewizory;S_A#R_3#P_117
L:DataGridViewRow { Index=113 }114;L_114;Telewizor kolorowy 114;Telewizory;S_A#R_3#P_118
L:DataGridViewRow { Index=114 }115;L_115;Telewizor kolorowy 115;Telewizory;S_A#R_3#P_119
L:DataGridViewRow { Index=115 }116;L_116;Telewizor kolorowy 116;Telewizory;S_A#R_3#P_120
L:DataGridViewRow { Index=116 }117;L_117;Telewizor kolorowy 117;Telewizory;S_A#R_3#P_121
L:DataGridViewRow { Index=117 }118;L_118;Telewizor kolorowy 118;Telewizory;S_A#R_3#P_122
L:DataGridViewRow { Index=118 }119;L_119;Telewizor kolorowy 119;Telewizory;S_A#R_3#P_123
L:DataGridViewRow { Index=119 }120;L_120;Telewizor kolorowy 120;Telewizory;S_A#R_3#P_124
L:DataGridViewRow { Index=120 }121;L_121;Telewizor kolorowy 121;Telewizory;S_A#R_3#P_125
L:DataGridViewRow { Index=121 }122;L_122;Telewizor kolorowy 122;Telewizory;S_A#R_3#P_126
L:DataGridViewRow { Index=122 }123;L_123;Telewizor kolorowy 123;Telewizory;S_A#R_3#P_127
L:DataGridViewRow { Index=123 }124;L_124;Telewizor kolorowy 124;Telewizory;S_A#R_3#P_128
L:DataGridViewRow { Index=124 }125;L_125;Telewizor kolorowy 125;Telewizory;S_A#R_3#P_129
L:DataGridViewRow { Index=125 }126;L_126;Telewizor kolorowy 126;Telewizory;S_A#R_3#P_130
L:DataGridViewRow { Index=126 }127;L_127;Telewizor kolorowy 127;Telewizory;S_A#R_3#P_131
L:DataGridViewRow { Index=127 }128;L_128;Telewizor kolorowy 128;Telewizory;S_A#R_3#P_132
L:DataGridViewRow { Index=128 }129;L_129;Telewizor kolorowy 129;Telewizory;S_A#R_3#P_133
L:DataGridViewRow { Index=129 }130;L_130;Telewizor kolorowy 130;Telewizory;S_A#R_3#P_134
L:DataGridViewRow { Index=130 }131;L_131;Telewizor kolorowy 131;Telewizory;S_A#R_3#P_135
L:DataGridViewRow { Index=131 }132;L_132;Telewizor kolorowy 132;Telewizory;S_A#R_3#P_136
L:DataGridViewRow { Index=132 }133;L_133;Telewizor kolorowy 133;Telewizory;S_A#R_3#P_137
L:DataGridViewRow { Index=133 }134;L_134;Telewizor kolorowy 134;Telewizory;S_A#R_3#P_138
L:DataGridViewRow { Index=134 }135;L_135;Telewizor kolorowy 135;Telewizory;S_A#R_3#P_139
L:DataGridViewRow { Index=135 }136;L_136;Telewizor kolorowy 136;Telewizory;S_A#R_3#P_140
L:DataGridViewRow { Index=136 }137;L_137;Telewizor kolorowy 137;Telewizory;S_A#R_3#P_141
L:DataGridViewRow { Index=137 }138;L_138;Telewizor kolorowy 138;Telewizory;S_A#R_3#P_142
L:DataGridViewRow { Index=138 }139;L_139;Telewizor kolorowy 139;Telewizory;S_A#R_3#P_143
L:DataGridViewRow { Index=139 }140;L_140;Telewizor kolorowy 140;Telewizory;S_A#R_3#P_144
L:DataGridViewRow { Index=140 }141;L_141;Telewizor kolorowy 141;Telewizory;S_A#R_3#P_145
L:DataGridViewRow { Index=141 }142;L_142;Telewizor kolorowy 142;Telewizory;S_A#R_3#P_146
L:DataGridViewRow { Index=142 }143;L_143;Telewizor kolorowy 143;Telewizory;S_A#R_3#P_147
L:DataGridViewRow { Index=143 }144;L_144;Telewizor kolorowy 144;Telewizory;S_A#R_3#P_148
L:DataGridViewRow { Index=144 }145;L_145;Telewizor kolorowy 145;Telewizory;S_A#R_3#P_149
L:DataGridViewRow { Index=145 }146;L_146;Telewizor kolorowy 146;Telewizory;S_A#R_3#P_150
L:DataGridViewRow { Index=146 }147;L_147;Telewizor kolorowy 147;Telewizory;S_A#R_3#P_151
L:DataGridViewRow { Index=147 }148;L_148;Telewizor kolorowy 148;Telewizory;S_A#R_3#P_152
L:DataGridViewRow { Index=148 }149;L_149;Telewizor kolorowy 149;Telewizory;S_A#R_3#P_153
L:DataGridViewRow { Index=149 }150;L_150;Telewizor kolorowy 150;Telewizory;S_A#R_3#P_154
L:DataGridViewRow { Index=150 }151;L_151;Telewizor kolorowy 151;Telewizory;S_A#R_3#P_155
L:DataGridViewRow { Index=151 }152;L_152;Telewizor kolorowy 152;Telewizory;S_A#R_3#P_156
L:DataGridViewRow { Index=152 }153;L_153;Telewizor kolorowy 153;Telewizory;S_A#R_3#P_157
L:DataGridViewRow { Index=153 }154;L_154;Telewizor kolorowy 154;Telewizory;S_A#R_3#P_158
L:DataGridViewRow { Index=154 }155;L_155;Telewizor kolorowy 155;Telewizory;S_A#R_3#P_159
L:DataGridViewRow { Index=155 }156;L_156;Telewizor kolorowy 156;Telewizory;S_A#R_3#P_160
L:DataGridViewRow { Index=156 }157;L_157;Telewizor kolorowy 157;Telewizory;S_A#R_3#P_161
L:DataGridViewRow { Index=157 }158;L_158;Telewizor kolorowy 158;Telewizory;S_A#R_3#P_162
L:DataGridViewRow { Index=158 }159;L_159;Telewizor kolorowy 159;Telewizory;S_A#R_3#P_163
L:DataGridViewRow { Index=159 }160;L_160;Telewizor kolorowy 160;Telewizory;S_A#R_3#P_164
L:DataGridViewRow { Index=160 }161;L_161;Telewizor kolorowy 161;Telewizory;S_A#R_3#P_165
L:DataGridViewRow { Index=161 }162;L_162;Telewizor kolorowy 162;Telewizory;S_A#R_3#P_166
L:DataGridViewRow { Index=162 }163;L_163;Telewizor kolorowy 163;Telewizory;S_A#R_3#P_167
L:DataGridViewRow { Index=163 }164;L_164;Telewizor kolorowy 164;Telewizory;S_A#R_3#P_168
L:DataGridViewRow { Index=164 }165;L_165;Telewizor kolorowy 165;Telewizory;S_A#R_3#P_169
L:DataGridViewRow { Index=165 }166;L_166;Telewizor kolorowy 166;Telewizory;S_A#R_3#P_170
L:DataGridViewRow { Index=166 }167;L_167;Telewizor kolorowy 167;Telewizory;S_A#R_3#P_171
L:DataGridViewRow { Index=167 }168;L_168;Telewizor kolorowy 168;Telewizory;S_A#R_3#P_172
L:DataGridViewRow { Index=168 }169;L_169;Telewizor kolorowy 169;Telewizory;S_A#R_3#P_173
L:DataGridViewRow { Index=169 }170;L_170;Telewizor kolorowy 170;Telewizory;S_A#R_3#P_174
L:DataGridViewRow { Index=170 }171;L_171;Telewizor kolorowy 171;Telewizory;S_A#R_3#P_175
L:DataGridViewRow { Index=171 }172;L_172;Telewizor kolorowy 172;Telewizory;S_A#R_3#P_176
L:DataGridViewRow { Index=172 }173;L_173;Telewizor kolorowy 173;Telewizory;S_A#R_3#P_177
L:DataGridViewRow { Index=173 }174;L_174;Telewizor kolorowy 174;Telewizory;S_A#R_3#P_178
L:DataGridViewRow { Index=174 }175;L_175;Telewizor kolorowy 175;Telewizory;S_A#R_3#P_179
L:DataGridViewRow { Index=175 }176;L_176;Telewizor kolorowy 176;Telewizory;S_A#R_3#P_180
L:DataGridViewRow { Index=176 }177;L_177;Telewizor kolorowy 177;Telewizory;S_A#R_3#P_181
L:DataGridViewRow { Index=177 }178;L_178;Telewizor kolorowy 178;Telewizory;S_A#R_3#P_182
L:DataGridViewRow { Index=178 }179;L_179;Telewizor kolorowy 179;Telewizory;S_A#R_3#P_183
L:DataGridViewRow { Index=179 }180;L_180;Telewizor kolorowy 180;Telewizory;S_A#R_3#P_184
L:DataGridViewRow { Index=180 }181;L_181;Telewizor kolorowy 181;Telewizory;S_A#R_3#P_185
L:DataGridViewRow { Index=181 }182;L_182;Telewizor kolorowy 182;Telewizory;S_A#R_3#P_186
L:DataGridViewRow { Index=182 }183;L_183;Telewizor kolorowy 183;Telewizory;S_A#R_3#P_187
L:DataGridViewRow { Index=183 }184;L_184;Telewizor kolorowy 184;Telewizory;S_A#R_3#P_188
L:DataGridViewRow { Index=184 }185;L_185;Telewizor kolorowy 185;Telewizory;S_A#R_3#P_189
L:DataGridViewRow { Index=185 }186;L_186;Telewizor kolorowy 186;Telewizory;S_A#R_3#P_190
L:DataGridViewRow { Index=186 }187;L_187;Telewizor kolorowy 187;Telewizory;S_A#R_3#P_191
L:DataGridViewRow { Index=187 }188;L_188;Telewizor kolorowy 188;Telewizory;S_A#R_3#P_192
L:DataGridViewRow { Index=188 }189;L_189;Telewizor kolorowy 189;Telewizory;S_A#R_3#P_193
L:DataGridViewRow { Index=189 }190;L_190;Telewizor kolorowy 190;Telewizory;S_A#R_3#P_194
L:DataGridViewRow { Index=190 }191;L_191;Telewizor kolorowy 191;Telewizory;S_A#R_3#P_195
L:DataGridViewRow { Index=191 }192;L_192;Telewizor kolorowy 192;Telewizory;S_A#R_3#P_196
L:DataGridViewRow { Index=192 }193;L_193;Telewizor kolorowy 193;Telewizory;S_A#R_3#P_197
L:DataGridViewRow { Index=193 }194;L_194;Telewizor kolorowy 194;Telewizory;S_A#R_3#P_198
L:DataGridViewRow { Index=194 }195;L_195;Telewizor kolorowy 195;Telewizory;S_A#R_3#P_199
L:DataGridViewRow { Index=195 }196;L_196;Telewizor kolorowy 196;Telewizory;S_A#R_3#P_200
L:DataGridViewRow { Index=196 }197;L_197;Telewizor kolorowy 197;Telewizory;S_A#R_3#P_201
L:DataGridViewRow { Index=197 }198;L_198;Telewizor kolorowy 198;Telewizory;S_A#R_3#P_202
L:DataGridViewRow { Index=198 }199;L_199;Telewizor kolorowy 199;Telewizory;S_A#R_3#P_203
L:DataGridViewRow { Index=199 }200;L_200;Telewizor kolorowy 200;Telewizory;S_A#R_3#P_204
L:DataGridViewRow { Index=200 }201;L_201;Telewizor kolorowy 201;Telewizory;S_A#R_3#P_205
L:DataGridViewRow { Index=201 }202;L_202;Telewizor kolorowy 202;Telewizory;S_A#R_3#P_206
L:DataGridViewRow { Index=202 }203;L_203;Telewizor kolorowy 203;Telewizory;S_A#R_3#P_207
L:DataGridViewRow { Index=203 }204;L_204;Telewizor kolorowy 204;Telewizory;S_A#R_3#P_208
L:DataGridViewRow { Index=204 }205;L_205;Telewizor kolorowy 205;Telewizory;S_A#R_3#P_209
L:DataGridViewRow { Index=205 }206;L_206;Telewizor kolorowy 206;Telewizory;S_A#R_3#P_210
L:DataGridViewRow { Index=206 }207;L_207;Telewizor kolorowy 207;Telewizory;S_A#R_3#P_211
L:DataGridViewRow { Index=207 }208;L_208;Telewizor kolorowy 208;Telewizory;S_A#R_3#P_212
L:DataGridViewRow { Index=208 }209;L_209;Telewizor kolorowy 209;Telewizory;S_A#R_3#P_213
L:DataGridViewRow { Index=209 }210;L_210;Telewizor kolorowy 210;Telewizory;S_A#R_3#P_214
L:DataGridViewRow { Index=210 }211;L_211;Telewizor kolorowy 211;Telewizory;S_A#R_3#P_215
L:DataGridViewRow { Index=211 }212;L_212;Telewizor kolorowy 212;Telewizory;S_A#R_3#P_216
L:DataGridViewRow { Index=212 }213;L_213;Telewizor kolorowy 213;Telewizory;S_A#R_3#P_217
L:DataGridViewRow { Index=213 }214;L_214;Telewizor kolorowy 214;Telewizory;S_A#R_3#P_218
L:DataGridViewRow { Index=214 }215;L_215;Telewizor kolorowy 215;Telewizory;S_A#R_3#P_219
L:DataGridViewRow { Index=215 }216;L_216;Telewizor kolorowy 216;Telewizory;S_A#R_3#P_220
L:DataGridViewRow { Index=216 }217;L_217;Telewizor kolorowy 217;Telewizory;S_A#R_3#P_221
L:DataGridViewRow { Index=217 }218;L_218;Telewizor kolorowy 218;Telewizory;S_A#R_3#P_222
L:DataGridViewRow { Index=218 }219;L_219;Telewizor kolorowy 219;Telewizory;S_A#R_3#P_223
L:DataGridViewRow { Index=219 }220;L_220;Telewizor kolorowy 220;Telewizory;S_A#R_3#P_224
L:DataGridViewRow { Index=220 }221;L_221;Telewizor kolorowy 221;Telewizory;S_A#R_3#P_225
L:DataGridViewRow { Index=221 }222;L_222;Telewizor kolorowy 222;Telewizory;S_A#R_3#P_226
L:DataGridViewRow { Index=222 }223;L_223;Telewizor kolorowy 223;Telewizory;S_A#R_3#P_227
L:DataGridViewRow { Index=223 }224;L_224;Telewizor kolorowy 224;Telewizory;S_A#R_3#P_228
L:DataGridViewRow { Index=224 }225;L_225;Telewizor kolorowy 225;Telewizory;S_A#R_3#P_229
L:DataGridViewRow { Index=225 }226;L_226;Telewizor kolorowy 226;Telewizory;S_A#R_3#P_230
L:DataGridViewRow { Index=226 }227;L_227;Telewizor kolorowy 227;Telewizory;S_A#R_3#P_231
L:DataGridViewRow { Index=227 }228;L_228;Telewizor kolorowy 228;Telewizory;S_A#R_3#P_232
L:DataGridViewRow { Index=228 }229;L_229;Telewizor kolorowy 229;Telewizory;S_A#R_3#P_233
L:DataGridViewRow { Index=229 }230;L_230;Telewizor kolorowy 230;Telewizory;S_A#R_3#P_234
L:DataGridViewRow { Index=230 }231;L_231;Telewizor kolorowy 231;Telewizory;S_A#R_3#P_235
L:DataGridViewRow { Index=231 }232;L_232;Telewizor kolorowy 232;Telewizory;S_A#R_3#P_236
L:DataGridViewRow { Index=232 }233;L_233;Telewizor kolorowy 233;Telewizory;S_A#R_3#P_237
L:DataGridViewRow { Index=233 }234;L_234;Telewizor kolorowy 234;Telewizory;S_A#R_3#P_238
L:DataGridViewRow { Index=234 }235;L_235;Telewizor kolorowy 235;Telewizory;S_A#R_3#P_239
L:DataGridViewRow { Index=235 }236;L_236;Telewizor kolorowy 236;Telewizory;S_A#R_3#P_240
L:DataGridViewRow { Index=236 }237;L_237;Telewizor kolorowy 237;Telewizory;S_A#R_3#P_241
L:DataGridViewRow { Index=237 }238;L_238;Telewizor kolorowy 238;Telewizory;S_A#R_3#P_242
L:DataGridViewRow { Index=238 }239;L_239;Telewizor kolorowy 239;Telewizory;S_A#R_3#P_243
L:DataGridViewRow { Index=239 }240;L_240;Telewizor kolorowy 240;Telewizory;S_A#R_3#P_244
L:DataGridViewRow { Index=240 }241;L_241;Telewizor kolorowy 241;Telewizory;S_A#R_3#P_245
L:DataGridViewRow { Index=241 }242;L_242;Telewizor kolorowy 242;Telewizory;S_A#R_3#P_246
L:DataGridViewRow { Index=242 }243;L_243;Telewizor kolorowy 243;Telewizory;S_A#R_3#P_247
L:DataGridViewRow { Index=243 }244;L_244;Telewizor kolorowy 244;Telewizory;S_A#R_3#P_248
L:DataGridViewRow { Index=244 }245;L_245;Telewizor kolorowy 245;Telewizory;S_A#R_3#P_249
L:DataGridViewRow { Index=245 }246;L_246;Telewizor kolorowy 246;Telewizory;S_A#R_3#P_250
L:DataGridViewRow { Index=246 }247;L_247;Telewizor kolorowy 247;Telewizory;S_A#R_3#P_251
L:DataGridViewRow { Index=247 }248;L_248;Telewizor kolorowy 248;Telewizory;S_A#R_3#P_252
L:DataGridViewRow { Index=248 }249;L_249;Telewizor kolorowy 249;Telewizory;S_A#R_3#P_253
L:DataGridViewRow { Index=249 }250;L_250;Telewizor kolorowy 250;Telewizory;S_A#R_3#P_254
L:DataGridViewRow { Index=250 }251;L_251;Telewizor kolorowy 251;Telewizory;S_A#R_3#P_255
L:DataGridViewRow { Index=251 }252;L_252;Telewizor kolorowy 252;Telewizory;S_A#R_3#P_256
L:DataGridViewRow { Index=252 }253;L_253;Telewizor kolorowy 253;Telewizory;S_A#R_3#P_257
L:DataGridViewRow { Index=253 }254;L_254;Telewizor kolorowy 254;Telewizory;S_A#R_3#P_258
L:DataGridViewRow { Index=254 }255;L_255;Telewizor kolorowy 255;Telewizory;S_A#R_3#P_259
L:DataGridViewRow { Index=255 }256;L_256;Telewizor kolorowy 256;Telewizory;S_A#R_3#P_260
L:DataGridViewRow { Index=256 }257;L_257;Telewizor kolorowy 257;Telewizory;S_A#R_3#P_261
L:DataGridViewRow { Index=257 }258;L_258;Telewizor kolorowy 258;Telewizory;S_A#R_3#P_262
L:DataGridViewRow { Index=258 }259;L_259;Telewizor kolorowy 259;Telewizory;S_A#R_3#P_263
L:DataGridViewRow { Index=259 }260;L_260;Telewizor kolorowy 260;Telewizory;S_A#R_3#P_264
L:DataGridViewRow { Index=260 }261;L_261;Telewizor kolorowy 261;Telewizory;S_A#R_3#P_265
L:DataGridViewRow { Index=261 }262;L_262;Telewizor kolorowy 262;Telewizory;S_A#R_3#P_266
L:DataGridViewRow { Index=262 }263;L_263;Telewizor kolorowy 263;Telewizory;S_A#R_3#P_267
L:DataGridViewRow { Index=263 }264;L_264;Telewizor kolorowy 264;Telewizory;S_A#R_3#P_268
L:DataGridViewRow { Index=264 }265;L_265;Telewizor kolorowy 265;Telewizory;S_A#R_3#P_269
L:DataGridViewRow { Index=265 }266;L_266;Telewizor kolorowy 266;Telewizory;S_A#R_3#P_270
L:DataGridViewRow { Index=266 }267;L_267;Telewizor kolorowy 267;Telewizory;S_A#R_3#P_271
L:DataGridViewRow { Index=267 }268;L_268;Telewizor kolorowy 268;Telewizory;S_A#R_3#P_272
L:DataGridViewRow { Index=268 }269;L_269;Telewizor kolorowy 269;Telewizory;S_A#R_3#P_273
L:DataGridViewRow { Index=269 }270;L_270;Telewizor kolorowy 270;Telewizory;S_A#R_3#P_274
L:DataGridViewRow { Index=270 }271;L_271;Telewizor kolorowy 271;Telewizory;S_A#R_3#P_275
L:DataGridViewRow { Index=271 }272;L_272;Telewizor kolorowy 272;Telewizory;S_A#R_3#P_276
L:DataGridViewRow { Index=272 }273;L_273;Telewizor kolorowy 273;Telewizory;S_A#R_3#P_277
L:DataGridViewRow { Index=273 }274;L_274;Telewizor kolorowy 274;Telewizory;S_A#R_3#P_278
L:DataGridViewRow { Index=274 }275;L_275;Telewizor kolorowy 275;Telewizory;S_A#R_3#P_279
L:DataGridViewRow { Index=275 }276;L_276;Telewizor kolorowy 276;Telewizory;S_A#R_3#P_280
L:DataGridViewRow { Index=276 }277;L_277;Telewizor kolorowy 277;Telewizory;S_A#R_3#P_281
L:DataGridViewRow { Index=277 }278;L_278;Telewizor kolorowy 278;Telewizo